"","strain","set","DPI","aviary","isolate","bird_id","sex","eyescore_right","eyescore_left","rpa_antibodies","mg_abundance","eyescore_sum","status"
"1","west","A",4,"C","CA2006","db.52 (index)","F",0,0,NA,0,0,"alive"
"2","west","A",11,"C","CA2006","db.52 (index)","F",0,0,0.12,0,0,"alive"
"3","west","A",18,"C","CA2006","db.52 (index)","F",0,0,NA,1.62353628,0,"alive"
"4","west","A",25,"C","CA2006","db.52 (index)","F",0,0,0.082,0,0,"alive"
"5","west","A",32,"C","CA2006","db.52 (index)","F",0,0,NA,72216.66013,0,"alive"
"6","west","A",39,"C","CA2006","db.52 (index)","F",0,0,0.046,0,0,"alive"
"7","west","A",46,"C","CA2006","db.52 (index)","F",0,0,NA,0,0,"alive"
"8","west","A",58,"C","CA2006","db.52 (index)","F",0,0,0.061705989,0,0,"alive"
"9","west","A",70,"C","CA2006","db.52 (index)","F",0,0,NA,0,0,"alive"
"10","west","A",4,"C","CA2006","y.91(index)","M",0,0,NA,0,0,"alive"
"11","west","A",11,"C","CA2006","y.91(index)","M",0,0,0.155,1363.41562,0,"alive"
"12","west","A",18,"C","CA2006","y.91(index)","M",0,0,NA,0,0,"alive"
"13","west","A",25,"C","CA2006","y.91(index)","M",0,0,0.068,75.86036503,0,"alive"
"14","west","A",32,"C","CA2006","y.91(index)","M",0,0,NA,0,0,"alive"
"15","west","A",39,"C","CA2006","y.91(index)","M",0,0,0.011,4.192452353,0,"alive"
"16","west","A",46,"C","CA2006","y.91(index)","M",0,0,NA,0,0,"alive"
"17","west","A",58,"C","CA2006","y.91(index)","M",0,0,NA,0,0,"alive"
"18","west","A",70,"C","CA2006","y.91(index)","M",0,0,NA,0,0,"alive"
"19","west","A",4,"D","CA2006","db.99 (index)","F",0,0,NA,0,0,"alive"
"20","west","A",12,"D","CA2006","db.99 (index)","F",2,0,0.095,34.98415591,2,"alive"
"21","west","A",19,"D","CA2006","db.99 (index)","F",0,0,NA,0,0,"alive"
"22","west","A",26,"D","CA2006","db.99 (index)","F",0,0,0.097,0,0,"alive"
"23","west","A",33,"D","CA2006","db.99 (index)","F",0,0,NA,0,0,"alive"
"24","west","A",41,"D","CA2006","db.99 (index)","F",0,0,0.02,0,0,"alive"
"25","west","A",47,"D","CA2006","db.99 (index)","F",0,0,NA,0,0,"alive"
"26","west","A",59,"D","CA2006","db.99 (index)","F",0,0,0.0502693,0,0,"alive"
"27","west","A",70,"D","CA2006","db.99 (index)","F",0,0,NA,0,0,"alive"
"28","west","A",4,"D","CA2006","y.64 (index)","M",0,0,NA,0,0,"alive"
"29","west","A",12,"D","CA2006","y.64 (index)","M",0,0,0.191,0,0,"alive"
"30","west","A",19,"D","CA2006","y.64 (index)","M",0,0,NA,0,0,"alive"
"31","west","A",26,"D","CA2006","y.64 (index)","M",0,0,0.094,0,0,"alive"
"32","west","A",33,"D","CA2006","y.64 (index)","M",0,0,NA,0,0,"alive"
"33","west","A",41,"D","CA2006","y.64 (index)","M",0,0,0.08,0,0,"alive"
"34","west","A",47,"D","CA2006","y.64 (index)","M",0,0,NA,0,0,"alive"
"35","west","A",59,"D","CA2006","y.64 (index)","M",0,0,0.029929577,0,0,"alive"
"36","west","A",70,"D","CA2006","y.64 (index)","M",0,0,NA,0,0,"alive"
"37","west","B",4,"A","CA2006","RBk.RW (index)","F",0,0,NA,0,0,"alive"
"38","west","B",10,"A","CA2006","RBk.RW (index)","F",0,0,NA,0,0,"alive"
"39","west","B",18,"A","CA2006","RBk.RW (index)","F",1,1,0,87507.7,2,"alive"
"40","west","B",24,"A","CA2006","RBk.RW (index)","F",0,0,NA,0,0,"alive"
"41","west","B",32,"A","CA2006","RBk.RW (index)","F",NA,NA,NA,NA,NA,"dead"
"42","west","B",4,"A","CA2006","BO._  (index)","M",0,0,NA,1439460,0,"alive"
"43","west","B",10,"A","CA2006","BO._  (index)","M",2,2,NA,3680,4,"alive"
"44","west","B",18,"A","CA2006","BO._  (index)","M",0,2,0,2034.68,2,"alive"
"45","west","B",24,"A","CA2006","BO._  (index)","M",0,0,NA,0,0,"alive"
"46","west","B",32,"A","CA2006","BO._  (index)","M",0,0,0,0,0,"alive"
"47","west","B",39,"A","CA2006","BO._  (index)","M",0,0,NA,0,0,"alive"
"48","west","B",45,"A","CA2006","BO._  (index)","M",0,0,0,0,0,"alive"
"49","west","B",59,"A","CA2006","BO._  (index)","M",0,0,NA,0,0,"alive"
"50","west","B",70,"A","CA2006","BO._  (index)","M",NA,NA,NA,NA,NA,"dead"
"51","west","B",5,"B","CA2006","GO.R ( index)","F",0,1,NA,238245,1,"alive"
"52","west","B",11,"B","CA2006","GO.R ( index)","F",0,1,NA,0,1,"alive"
"53","west","B",19,"B","CA2006","GO.R ( index)","F",0,0,0,0,0,"alive"
"54","west","B",25,"B","CA2006","GO.R ( index)","F",0,0,NA,0,0,"alive"
"55","west","B",33,"B","CA2006","GO.R ( index)","F",0,0,0,0,0,"alive"
"56","west","B",40,"B","CA2006","GO.R ( index)","F",0,0,NA,0,0,"alive"
"57","west","B",46,"B","CA2006","GO.R ( index)","F",0,0,0,0,0,"alive"
"58","west","B",60,"B","CA2006","GO.R ( index)","F",0,0,NA,0,0,"alive"
"59","west","B",71,"B","CA2006","GO.R ( index)","F",0,0,0,0,0,"alive"
"60","west","B",5,"B","CA2006","BKR._ (index)","M",0,0,NA,117310,0,"alive"
"61","west","B",11,"B","CA2006","BKR._ (index)","M",0,0,NA,0,0,"alive"
"62","west","B",19,"B","CA2006","BKR._ (index)","M",0,0,1,0,0,"alive"
"63","west","B",25,"B","CA2006","BKR._ (index)","M",0,0,NA,0,0,"alive"
"64","west","B",33,"B","CA2006","BKR._ (index)","M",0,0,1,0,0,"alive"
"65","west","B",40,"B","CA2006","BKR._ (index)","M",0,0,NA,242,0,"alive"
"66","west","B",46,"B","CA2006","BKR._ (index)","M",0,0,0,0,0,"alive"
"67","west","B",60,"B","CA2006","BKR._ (index)","M",0,0,NA,0,0,"alive"
"68","west","B",71,"B","CA2006","BKR._ (index)","M",0,0,0,0,0,"alive"
"69","west","D",4,"A","CA2008","Bk._ (index)","M",2,2,NA,72007.5,4,"alive"
"70","west","D",10,"A","CA2008","Bk._ (index)","M",3,3,NA,84157.3,6,"alive"
"71","west","D",17,"A","CA2008","Bk._ (index)","M",3,3,1,1029200000,6,"alive"
"72","west","D",31,"A","CA2008","Bk._ (index)","M",2,2,1,0,4,"alive"
"73","west","D",38,"A","CA2008","Bk._ (index)","M",1,2,NA,0,3,"alive"
"74","west","D",45,"A","CA2008","Bk._ (index)","M",1,1,1,0,2,"alive"
"75","west","D",52,"A","CA2008","Bk._ (index)","M",0,0,NA,0,0,"alive"
"76","west","D",59,"A","CA2008","Bk._ (index)","M",0,0,1,0,0,"alive"
"77","west","D",4,"A","CA2008","Db.P index","F",1,2,NA,335296,3,"alive"
"78","west","D",10,"A","CA2008","Db.P index","F",2,3,NA,295837,5,"alive"
"79","west","D",17,"A","CA2008","Db.P index","F",3,3,1,1117000,6,"alive"
"80","west","D",31,"A","CA2008","Db.P index","F",2,3,1,12900,5,"alive"
"81","west","D",38,"A","CA2008","Db.P index","F",2,2,NA,0,4,"alive"
"82","west","D",45,"A","CA2008","Db.P index","F",1,1,1,0,2,"alive"
"83","west","D",52,"A","CA2008","Db.P index","F",0,1,NA,0,1,"alive"
"84","west","D",59,"A","CA2008","Db.P index","F",0,1,1,0,1,"alive"
"85","west","D",4,"B","CA2008","W.G index","F",2,2,NA,158900,4,"alive"
"86","west","D",10,"B","CA2008","W.G index","F",3,3,NA,7362.05,6,"alive"
"87","west","D",17,"B","CA2008","W.G index","F",3,3,1,24170000,6,"alive"
"88","west","D",31,"B","CA2008","W.G index","F",2,3,1,0,5,"alive"
"89","west","D",38,"B","CA2008","W.G index","F",1,1,NA,0,2,"alive"
"90","west","D",45,"B","CA2008","W.G index","F",0,0,1,0,0,"alive"
"91","west","D",52,"B","CA2008","W.G index","F",0,0,NA,0,0,"alive"
"92","west","D",59,"B","CA2008","W.G index","F",NA,NA,NA,NA,NA,"dead"
"93","west","D",4,"B","CA2008","R.Bk index","M",1,2,NA,5017.8,3,"alive"
"94","west","D",10,"B","CA2008","R.Bk index","M",2,3,NA,4123000,5,"alive"
"95","west","D",17,"B","CA2008","R.Bk index","M",0,1,1,0,1,"alive"
"96","west","D",31,"B","CA2008","R.Bk index","M",1,1,1,0,2,"alive"
"97","west","D",38,"B","CA2008","R.Bk index","M",0,1,NA,0,1,"alive"
"98","west","D",45,"B","CA2008","R.Bk index","M",0,0,1,0,0,"alive"
"99","west","D",52,"B","CA2008","R.Bk index","M",0,0,NA,0,0,"alive"
"100","west","D",59,"B","CA2008","R.Bk index","M",0,0,1,0,0,"alive"
"101","west","B",4,"C","CA2009","LbY._ (index C)","F",0,1,NA,1078900,1,"alive"
"102","west","B",10,"C","CA2009","LbY._ (index C)","F",0,1,NA,0,1,"alive"
"103","west","B",18,"C","CA2009","LbY._ (index C)","F",1,1,0,0,2,"alive"
"104","west","B",24,"C","CA2009","LbY._ (index C)","F",0,1,NA,0,1,"alive"
"105","west","B",32,"C","CA2009","LbY._ (index C)","F",0,1,0,3287.68,1,"alive"
"106","west","B",39,"C","CA2009","LbY._ (index C)","F",0,1,NA,17984.4,1,"alive"
"107","west","B",45,"C","CA2009","LbY._ (index C)","F",0,1,1,0,1,"alive"
"108","west","B",59,"C","CA2009","LbY._ (index C)","F",NA,NA,NA,NA,NA,"dead"
"109","west","B",4,"C","CA2009","BLb.RO (index C)","M",1,1,NA,18844200,2,"alive"
"110","west","B",10,"C","CA2009","BLb.RO (index C)","M",2,2,NA,2769670,4,"alive"
"111","west","B",18,"C","CA2009","BLb.RO (index C)","M",2,3,1,50751,5,"alive"
"112","west","B",24,"C","CA2009","BLb.RO (index C)","M",1,3,NA,18640.8,4,"alive"
"113","west","B",32,"C","CA2009","BLb.RO (index C)","M",0,2,1,52553,2,"alive"
"114","west","B",39,"C","CA2009","BLb.RO (index C)","M",0,1,NA,0,1,"alive"
"115","west","B",45,"C","CA2009","BLb.RO (index C)","M",0,1,1,0,1,"alive"
"116","west","B",59,"C","CA2009","BLb.RO (index C)","M",0,0,NA,0,0,"alive"
"117","west","B",70,"C","CA2009","BLb.RO (index C)","M",0,0,0,0,0,"alive"
"118","west","B",5,"D","CA2009","W.WP (Index D)","F",2,2,NA,1800030,4,"alive"
"119","west","B",11,"D","CA2009","W.WP (Index D)","F",0,1,NA,0,1,"alive"
"120","west","B",19,"D","CA2009","W.WP (Index D)","F",0,1,1,0,1,"alive"
"121","west","B",25,"D","CA2009","W.WP (Index D)","F",0,0,NA,0,0,"alive"
"122","west","B",33,"D","CA2009","W.WP (Index D)","F",0,0,1,0,0,"alive"
"123","west","B",40,"D","CA2009","W.WP (Index D)","F",0,0,NA,0,0,"alive"
"124","west","B",46,"D","CA2009","W.WP (Index D)","F",0,0,1,0,0,"alive"
"125","west","B",60,"D","CA2009","W.WP (Index D)","F",0,0,NA,0,0,"alive"
"126","west","B",71,"D","CA2009","W.WP (Index D)","F",0,0,1,0,0,"alive"
"127","west","B",5,"D","CA2009","G.Y ( index D)","M",0,0,NA,1726660,0,"alive"
"128","west","B",11,"D","CA2009","G.Y ( index D)","M",3,3,NA,709585,6,"alive"
"129","west","B",19,"D","CA2009","G.Y ( index D)","M",2,2,1,9510.86,4,"alive"
"130","west","B",25,"D","CA2009","G.Y ( index D)","M",1,1,NA,0,2,"alive"
"131","west","B",33,"D","CA2009","G.Y ( index D)","M",1,1,1,0,2,"alive"
"132","west","B",40,"D","CA2009","G.Y ( index D)","M",1,0,NA,0,1,"alive"
"133","west","B",46,"D","CA2009","G.Y ( index D)","M",1,1,1,0,2,"alive"
"134","west","B",60,"D","CA2009","G.Y ( index D)","M",0,0,NA,0,0,"alive"
"135","west","B",71,"D","CA2009","G.Y ( index D)","M",0,0,0,0,0,"alive"
"136","west","B",4,"E","CA2010","WW.KP (index E)","F",2,2,NA,446480,4,"alive"
"137","west","B",10,"E","CA2010","WW.KP (index E)","F",3,3,NA,224080,6,"alive"
"138","west","B",18,"E","CA2010","WW.KP (index E)","F",3,2,0,0,5,"alive"
"139","west","B",24,"E","CA2010","WW.KP (index E)","F",1,1,NA,0,2,"alive"
"140","west","B",32,"E","CA2010","WW.KP (index E)","F",1,1,1,0,2,"alive"
"141","west","B",39,"E","CA2010","WW.KP (index E)","F",1,1,NA,0,2,"alive"
"142","west","B",45,"E","CA2010","WW.KP (index E)","F",1,1,1,0,2,"alive"
"143","west","B",59,"E","CA2010","WW.KP (index E)","F",0,0,NA,0,0,"alive"
"144","west","B",70,"E","CA2010","WW.KP (index E)","F",1,1,1,0,2,"alive"
"145","west","B",4,"E","CA2010","RR.BkLb (index E)","M",2,2,NA,2100480,4,"alive"
"146","west","B",10,"E","CA2010","RR.BkLb (index E)","M",2,3,NA,5423930,5,"alive"
"147","west","B",18,"E","CA2010","RR.BkLb (index E)","M",2,2,1,30363.7,4,"alive"
"148","west","B",24,"E","CA2010","RR.BkLb (index E)","M",2,2,NA,36089,4,"alive"
"149","west","B",32,"E","CA2010","RR.BkLb (index E)","M",2,1,1,0,3,"alive"
"150","west","B",39,"E","CA2010","RR.BkLb (index E)","M",0,0,NA,0,0,"alive"
"151","west","B",45,"E","CA2010","RR.BkLb (index E)","M",0,0,1,0,0,"alive"
"152","west","B",59,"E","CA2010","RR.BkLb (index E)","M",0,0,NA,0,0,"alive"
"153","west","B",70,"E","CA2010","RR.BkLb (index E)","M",0,0,0,0,0,"alive"
"154","west","B",5,"F","CA2010","YB._ (index F)","F",1,1,NA,9262830,2,"alive"
"155","west","B",11,"F","CA2010","YB._ (index F)","F",3,3,NA,1554570,6,"alive"
"156","west","B",19,"F","CA2010","YB._ (index F)","F",2,2,1,295120,4,"alive"
"157","west","B",25,"F","CA2010","YB._ (index F)","F",1,1,NA,3561080,2,"alive"
"158","west","B",33,"F","CA2010","YB._ (index F)","F",2,1,1,597400,3,"alive"
"159","west","B",40,"F","CA2010","YB._ (index F)","F",2,1,NA,362.7,3,"alive"
"160","west","B",46,"F","CA2010","YB._ (index F)","F",1,1,1,0,2,"alive"
"161","west","B",60,"F","CA2010","YB._ (index F)","F",0,0,NA,0,0,"alive"
"162","west","B",71,"F","CA2010","YB._ (index F)","F",NA,NA,NA,NA,NA,"dead"
"163","west","B",5,"F","CA2010","PP.Ylb (index F)","M",1,1,NA,7835070,2,"alive"
"164","west","B",11,"F","CA2010","PP.Ylb (index F)","M",1,1,NA,433384,2,"alive"
"165","west","B",19,"F","CA2010","PP.Ylb (index F)","M",NA,NA,NA,NA,NA,"dead"
"166","west","D",4,"C","CA2015","R.P index","M",2,2,NA,39399,4,"alive"
"167","west","D",10,"C","CA2015","R.P index","M",3,3,NA,4881,6,"alive"
"168","west","D",17,"C","CA2015","R.P index","M",3,3,1,7950000,6,"alive"
"169","west","D",31,"C","CA2015","R.P index","M",3,3,1,0,6,"alive"
"170","west","D",38,"C","CA2015","R.P index","M",2,2,NA,0,4,"alive"
"171","west","D",45,"C","CA2015","R.P index","M",1,1,1,0,2,"alive"
"172","west","D",52,"C","CA2015","R.P index","M",1,1,NA,718,2,"alive"
"173","west","D",59,"C","CA2015","R.P index","M",1,1,1,0,2,"alive"
"174","west","D",4,"C","CA2015","P.P index","F",3,3,NA,62166.2,6,"alive"
"175","west","D",10,"C","CA2015","P.P index","F",3,3,NA,4880,6,"alive"
"176","west","D",17,"C","CA2015","P.P index","F",3,3,1,248520,6,"alive"
"177","west","D",31,"C","CA2015","P.P index","F",3,3,1,14700,6,"alive"
"178","west","D",38,"C","CA2015","P.P index","F",3,3,NA,2632.5,6,"alive"
"179","west","D",45,"C","CA2015","P.P index","F",1,2,1,2360.1,3,"alive"
"180","west","D",52,"C","CA2015","P.P index","F",1,1,NA,1584,2,"alive"
"181","west","D",59,"C","CA2015","P.P index","F",2,2,1,0,4,"alive"
"182","west","D",4,"D","CA2015","R.G index","F",2,3,NA,1263350,5,"alive"
"183","west","D",10,"D","CA2015","R.G index","F",3,3,NA,7490,6,"alive"
"184","west","D",17,"D","CA2015","R.G index","F",2,3,1,9230,5,"alive"
"185","west","D",31,"D","CA2015","R.G index","F",1,2,1,0,3,"alive"
"186","west","D",38,"D","CA2015","R.G index","F",1,2,NA,0,3,"alive"
"187","west","D",45,"D","CA2015","R.G index","F",0,0,1,0,0,"alive"
"188","west","D",52,"D","CA2015","R.G index","F",0,0,NA,0,0,"alive"
"189","west","D",59,"D","CA2015","R.G index","F",0,0,1,0,0,"alive"
"190","west","D",4,"D","CA2015","P._ index","M",2,2,NA,631500,4,"alive"
"191","west","D",10,"D","CA2015","P._ index","M",3,3,NA,3700,6,"alive"
"192","west","D",17,"D","CA2015","P._ index","M",3,3,1,1580000,6,"alive"
"193","west","D",31,"D","CA2015","P._ index","M",3,3,1,486000,6,"alive"
"194","west","D",38,"D","CA2015","P._ index","M",3,3,NA,2490000,6,"alive"
"195","west","D",45,"D","CA2015","P._ index","M",2,3,1,148400,5,"alive"
"196","west","D",52,"D","CA2015","P._ index","M",3,3,NA,200190,6,"alive"
"197","west","D",59,"D","CA2015","P._ index","M",2,2,1,0,4,"alive"
"198","east","A",4,"A","VA1994","g.87 (index)","F",1,1,NA,15.20397209,2,"alive"
"199","east","A",11,"A","VA1994","g.87 (index)","F",2,2,0.183,79347.11584,4,"alive"
"200","east","A",18,"A","VA1994","g.87 (index)","F",3,3,NA,75503.30921,6,"alive"
"201","east","A",25,"A","VA1994","g.87 (index)","F",3,3,0.283,6982.336041,6,"alive"
"202","east","A",32,"A","VA1994","g.87 (index)","F",2,2,NA,0,4,"alive"
"203","east","A",39,"A","VA1994","g.87 (index)","F",1,1,0.224,0,2,"alive"
"204","east","A",46,"A","VA1994","g.87 (index)","F",1,1,NA,0,2,"alive"
"205","east","A",58,"A","VA1994","g.87 (index)","F",1,1,0.191446029,0,2,"alive"
"206","east","A",70,"A","VA1994","g.87 (index)","F",0,1,NA,0,1,"alive"
"207","east","A",4,"A","VA1994","o.93 (index)","M",1,1,NA,5.195252471,2,"alive"
"208","east","A",11,"A","VA1994","o.93 (index)","M",3,3,0.394,42487.89721,6,"alive"
"209","east","A",18,"A","VA1994","o.93 (index)","M",3,3,NA,59721.33894,6,"alive"
"210","east","A",25,"A","VA1994","o.93 (index)","M",3,3,0.088,1783061.252,6,"alive"
"211","east","A",32,"A","VA1994","o.93 (index)","M",3,3,NA,16719.67197,6,"alive"
"212","east","A",39,"A","VA1994","o.93 (index)","M",3,3,0.203,64830.21955,6,"alive"
"213","east","A",46,"A","VA1994","o.93 (index)","M",3,3,NA,12436.46551,6,"alive"
"214","east","A",58,"A","VA1994","o.93 (index)","M",3,3,0.203703704,1620.499802,6,"alive"
"215","east","A",70,"A","VA1994","o.93 (index)","M",3,3,NA,431988.3219,6,"alive"
"216","east","A",4,"B","VA1994","g.107 (index)","F",1,1,NA,1.545084799,2,"alive"
"217","east","A",12,"B","VA1994","g.107 (index)","F",3,3,0.145,20580.82721,6,"alive"
"218","east","A",19,"B","VA1994","g.107 (index)","F",2,3,NA,0,5,"alive"
"219","east","A",26,"B","VA1994","g.107 (index)","F",0,2,0.252,0,2,"alive"
"220","east","A",33,"B","VA1994","g.107 (index)","F",0,0,NA,0,0,"alive"
"221","east","A",41,"B","VA1994","g.107 (index)","F",0,0,0.142,3.364783702,0,"alive"
"222","east","A",47,"B","VA1994","g.107 (index)","F",0,0,NA,0,0,"alive"
"223","east","A",59,"B","VA1994","g.107 (index)","F",0,0,0.073394495,0,0,"alive"
"224","east","A",70,"B","VA1994","g.107 (index)","F",0,0,NA,0,0,"alive"
"225","east","A",4,"B","VA1994","o.54 (index)","M",1,1,NA,0,2,"alive"
"226","east","A",12,"B","VA1994","o.54 (index)","M",3,3,0.145,394561.9527,6,"alive"
"227","east","A",19,"B","VA1994","o.54 (index)","M",3,3,NA,143.0665833,6,"alive"
"228","east","A",26,"B","VA1994","o.54 (index)","M",2,3,0.203,0,5,"alive"
"229","east","A",33,"B","VA1994","o.54 (index)","M",1,1,NA,0,2,"alive"
"230","east","A",41,"B","VA1994","o.54 (index)","M",1,1,0.116,0,2,"alive"
"231","east","A",47,"B","VA1994","o.54 (index)","M",1,1,NA,0,2,"alive"
"232","east","A",59,"B","VA1994","o.54 (index)","M",0,0,0.069469835,0,0,"alive"
"233","east","A",4,"E","NC2006","b.73 (index)","F",1,1,NA,27.75071016,2,"alive"
"234","east","A",11,"E","NC2006","b.73 (index)","F",3,3,0.244,853122.4812,6,"alive"
"235","east","A",18,"E","NC2006","b.73 (index)","F",3,3,NA,56541.54839,6,"alive"
"236","east","A",25,"E","NC2006","b.73 (index)","F",3,3,0.532,169491229.1,6,"alive"
"237","east","A",32,"E","NC2006","b.73 (index)","F",3,3,NA,425432.7416,6,"alive"
"238","east","A",39,"E","NC2006","b.73 (index)","F",3,3,1.198,136313.462,6,"alive"
"239","east","A",46,"E","NC2006","b.73 (index)","F",3,3,NA,1392962.401,6,"alive"
"240","east","A",58,"E","NC2006","b.73 (index)","F",3,3,NA,3868959.341,6,"alive"
"241","east","A",70,"E","NC2006","b.73 (index)","F",3,3,NA,2422.815965,6,"alive"
"242","east","A",4,"E","NC2006","r.118 (index)","M",1,1,NA,1707.224935,2,"alive"
"243","east","A",11,"E","NC2006","r.118 (index)","M",2,2,0.113,1010854.262,4,"alive"
"244","east","A",18,"E","NC2006","r.118 (index)","M",3,3,NA,15691.40267,6,"alive"
"245","east","A",25,"E","NC2006","r.118 (index)","M",2,2,0.249,1726518.014,4,"alive"
"246","east","A",32,"E","NC2006","r.118 (index)","M",1,1,NA,146796.1967,2,"alive"
"247","east","A",39,"E","NC2006","r.118 (index)","M",2,2,0.424,63371.94633,4,"alive"
"248","east","A",46,"E","NC2006","r.118 (index)","M",2,2,NA,1062955.667,4,"alive"
"249","east","A",58,"E","NC2006","r.118 (index)","M",2,2,0.297117517,1326710.254,4,"alive"
"250","east","A",70,"E","NC2006","r.118 (index)","M",1,2,NA,11579.37827,3,"alive"
"251","east","A",4,"F","NC2006","r.121(index)","M",0,0,NA,1.159642688,0,"alive"
"252","east","A",12,"F","NC2006","r.121(index)","M",1,1,0.549,11542.25567,2,"alive"
"253","east","A",19,"F","NC2006","r.121(index)","M",0,0,NA,0,0,"alive"
"254","east","A",26,"F","NC2006","r.121(index)","M",0,0,0.189,0,0,"alive"
"255","east","A",33,"F","NC2006","r.121(index)","M",0,0,NA,0,0,"alive"
"256","east","A",41,"F","NC2006","r.121(index)","M",0,0,0.807,0,0,"alive"
"257","east","A",47,"F","NC2006","r.121(index)","M",0,0,NA,0,0,"alive"
"258","east","A",59,"F","NC2006","r.121(index)","M",0,0,0.085343228,0,0,"alive"
"259","east","A",70,"F","NC2006","r.121(index)","M",0,0,NA,1.498736824,0,"alive"
"260","east","A",4,"F","NC2006","b.125 (index)","F",1,1,NA,4.692278429,2,"alive"
"261","east","A",12,"F","NC2006","b.125 (index)","F",3,3,0.531,1830453.104,6,"alive"
"262","east","A",19,"F","NC2006","b.125 (index)","F",3,3,NA,9515.041186,6,"alive"
"263","east","A",26,"F","NC2006","b.125 (index)","F",3,3,0.225,603.0724261,6,"alive"
"264","east","A",33,"F","NC2006","b.125 (index)","F",3,3,NA,35.74568145,6,"alive"
"265","east","A",41,"F","NC2006","b.125 (index)","F",3,3,0.469,118021.8957,6,"alive"
"266","east","A",47,"F","NC2006","b.125 (index)","F",3,3,NA,145.5052917,6,"alive"
"267","east","A",59,"F","NC2006","b.125 (index)","F",3,3,0.329545455,0,6,"alive"
"268","east","A",70,"F","NC2006","b.125 (index)","F",1,3,NA,0,4,"alive"
"269","east","C",4,"C","NC2006","A.GLb(index)","M",2,2,NA,28.2622,4,"alive"
"270","east","C",10,"C","NC2006","A.GLb(index)","M",3,3,NA,NA,6,"alive"
"271","east","C",17,"C","NC2006","A.GLb(index)","M",3,3,1,2167900,6,"alive"
"272","east","C",24,"C","NC2006","A.GLb(index)","M",2,3,NA,0,5,"alive"
"273","east","C",31,"C","NC2006","A.GLb(index)","M",0,1,1,0,1,"alive"
"274","east","C",38,"C","NC2006","A.GLb(index)","M",0,0,NA,0,0,"alive"
"275","east","C",45,"C","NC2006","A.GLb(index)","M",0,0,1,225120,0,"alive"
"276","east","C",52,"C","NC2006","A.GLb(index)","M",0,0,NA,0,0,"alive"
"277","east","C",59,"C","NC2006","A.GLb(index)","M",0,0,1,0,0,"alive"
"278","east","C",64,"C","NC2006","A.GLb(index)","M",0,0,NA,0,0,"alive"
"279","east","C",4,"C","NC2006","A.Bk(index)","F",2,3,NA,28.4898,5,"alive"
"280","east","C",10,"C","NC2006","A.Bk(index)","F",2,2,NA,0,4,"alive"
"281","east","C",17,"C","NC2006","A.Bk(index)","F",1,0,1,0,1,"alive"
"282","east","C",24,"C","NC2006","A.Bk(index)","F",0,1,NA,0,1,"alive"
"283","east","C",31,"C","NC2006","A.Bk(index)","F",1,1,1,0,2,"alive"
"284","east","C",38,"C","NC2006","A.Bk(index)","F",0,1,NA,8577,1,"alive"
"285","east","C",45,"C","NC2006","A.Bk(index)","F",1,1,1,20620000,2,"alive"
"286","east","C",52,"C","NC2006","A.Bk(index)","F",0,0,NA,0,0,"alive"
"287","east","C",59,"C","NC2006","A.Bk(index)","F",0,0,1,0,0,"alive"
"288","east","C",64,"C","NC2006","A.Bk(index)","F",0,0,NA,0,0,"alive"
"289","east","C",4,"D","NC2006","RR.- index","M",2,2,NA,28.1828,4,"alive"
"290","east","C",10,"D","NC2006","RR.- index","M",3,3,NA,7396580,6,"alive"
"291","east","C",17,"D","NC2006","RR.- index","M",3,3,1,4116600,6,"alive"
"292","east","C",24,"D","NC2006","RR.- index","M",3,3,NA,76119,6,"alive"
"293","east","C",31,"D","NC2006","RR.- index","M",2,2,1,0,4,"alive"
"294","east","C",38,"D","NC2006","RR.- index","M",0,0,NA,10400,0,"alive"
"295","east","C",45,"D","NC2006","RR.- index","M",0,0,1,13000,0,"alive"
"296","east","C",52,"D","NC2006","RR.- index","M",NA,NA,NA,NA,NA,"dead"
"297","east","C",59,"D","NC2006","RR.- index","M",NA,NA,NA,NA,NA,"dead"
"298","east","C",64,"D","NC2006","RR.- index","M",NA,NA,NA,NA,NA,"dead"
"299","east","C",4,"D","NC2006","PP.- index","F",2,3,NA,27.8689,5,"alive"
"300","east","C",10,"D","NC2006","PP.- index","F",3,3,NA,8148210,6,"alive"
"301","east","C",17,"D","NC2006","PP.- index","F",3,3,1,0,6,"alive"
"302","east","C",24,"D","NC2006","PP.- index","F",3,3,NA,0,6,"alive"
"303","east","C",31,"D","NC2006","PP.- index","F",3,3,1,16210,6,"alive"
"304","east","C",38,"D","NC2006","PP.- index","F",3,3,NA,0,6,"alive"
"305","east","C",45,"D","NC2006","PP.- index","F",3,3,1,6838000,6,"alive"
"306","east","C",52,"D","NC2006","PP.- index","F",3,2,NA,8547000,5,"alive"
"307","east","C",59,"D","NC2006","PP.- index","F",3,2,1,106800,5,"alive"
"308","east","C",64,"D","NC2006","PP.- index","F",NA,NA,NA,NA,NA,"dead"
"309","east","C",4,"E","NC2008","PB.G(index)","F",2,2,NA,25.4409,4,"alive"
"310","east","C",10,"E","NC2008","PB.G(index)","F",3,3,NA,13945000,6,"alive"
"311","east","C",17,"E","NC2008","PB.G(index)","F",3,3,1,0,6,"alive"
"312","east","C",24,"E","NC2008","PB.G(index)","F",3,3,NA,348790,6,"alive"
"313","east","C",31,"E","NC2008","PB.G(index)","F",3,3,1,0,6,"alive"
"314","east","C",38,"E","NC2008","PB.G(index)","F",3,3,NA,0,6,"alive"
"315","east","C",45,"E","NC2008","PB.G(index)","F",3,3,1,5990000,6,"alive"
"316","east","C",52,"E","NC2008","PB.G(index)","F",3,3,NA,3.06e+08,6,"alive"
"317","east","C",59,"E","NC2008","PB.G(index)","F",3,3,1,1017000,6,"alive"
"318","east","C",64,"E","NC2008","PB.G(index)","F",3,3,NA,139000,6,"alive"
"319","east","C",4,"E","NC2008","WO.WO(index)","M",2,2,NA,27.3051,4,"alive"
"320","east","C",10,"E","NC2008","WO.WO(index)","M",3,3,NA,3669000,6,"alive"
"321","east","C",17,"E","NC2008","WO.WO(index)","M",3,3,1,0,6,"alive"
"322","east","C",24,"E","NC2008","WO.WO(index)","M",3,3,NA,467740,6,"alive"
"323","east","C",31,"E","NC2008","WO.WO(index)","M",3,3,1,0,6,"alive"
"324","east","C",38,"E","NC2008","WO.WO(index)","M",3,3,NA,15008,6,"alive"
"325","east","C",45,"E","NC2008","WO.WO(index)","M",3,3,1,0,6,"alive"
"326","east","C",52,"E","NC2008","WO.WO(index)","M",3,3,NA,1910000,6,"alive"
"327","east","C",59,"E","NC2008","WO.WO(index)","M",3,2,1,161240,5,"alive"
"328","east","C",64,"E","NC2008","WO.WO(index)","M",2,2,NA,0,4,"alive"
"329","east","C",4,"F","NC2008","W.OLB (index)","F",3,3,NA,25.7173,6,"alive"
"330","east","C",10,"F","NC2008","W.OLB (index)","F",3,3,NA,9284860,6,"alive"
"331","east","C",17,"F","NC2008","W.OLB (index)","F",3,3,1,NA,6,"alive"
"332","east","C",24,"F","NC2008","W.OLB (index)","F",NA,NA,NA,NA,NA,"dead"
"333","east","C",31,"F","NC2008","W.OLB (index)","F",NA,NA,NA,NA,NA,"dead"
"334","east","C",38,"F","NC2008","W.OLB (index)","F",NA,NA,NA,NA,NA,"dead"
"335","east","C",45,"F","NC2008","W.OLB (index)","F",NA,NA,NA,NA,NA,"dead"
"336","east","C",52,"F","NC2008","W.OLB (index)","F",NA,NA,NA,NA,NA,"dead"
"337","east","C",59,"F","NC2008","W.OLB (index)","F",NA,NA,NA,NA,NA,"dead"
"338","east","C",64,"F","NC2008","W.OLB (index)","F",NA,NA,NA,NA,NA,"dead"
"339","east","C",4,"F","NC2008","R.WW (index)","M",2,2,NA,28.1642,4,"alive"
"340","east","C",10,"F","NC2008","R.WW (index)","M",3,2,NA,7641600,5,"alive"
"341","east","C",17,"F","NC2008","R.WW (index)","M",3,2,1,85320,5,"alive"
"342","east","C",24,"F","NC2008","R.WW (index)","M",3,2,NA,2985300,5,"alive"
"343","east","C",31,"F","NC2008","R.WW (index)","M",NA,NA,NA,NA,NA,"dead"
"344","east","C",38,"F","NC2008","R.WW (index)","M",NA,NA,NA,NA,NA,"dead"
"345","east","C",45,"F","NC2008","R.WW (index)","M",NA,NA,NA,NA,NA,"dead"
"346","east","C",52,"F","NC2008","R.WW (index)","M",NA,NA,NA,NA,NA,"dead"
"347","east","C",59,"F","NC2008","R.WW (index)","M",NA,NA,NA,NA,NA,"dead"
"348","east","C",64,"F","NC2008","R.WW (index)","M",NA,NA,NA,NA,NA,"dead"
"349","east","D",4,"E","NC2008","P.GDb (ind)","F",1,1,NA,240959,2,"alive"
"350","east","D",10,"E","NC2008","P.GDb (ind)","F",1,1,NA,12920,2,"alive"
"351","east","D",17,"E","NC2008","P.GDb (ind)","F",1,2,1,40600,3,"alive"
"352","east","D",31,"E","NC2008","P.GDb (ind)","F",1,1,1,2098,2,"alive"
"353","east","D",38,"E","NC2008","P.GDb (ind)","F",0,0,NA,0,0,"alive"
"354","east","D",45,"E","NC2008","P.GDb (ind)","F",0,0,0,0,0,"alive"
"355","east","D",52,"E","NC2008","P.GDb (ind)","F",0,0,NA,2280,0,"alive"
"356","east","D",59,"E","NC2008","P.GDb (ind)","F",0,0,1,0,0,"alive"
"357","east","D",4,"E","NC2008","Db.WO (ind)","M",2,2,NA,534194,4,"alive"
"358","east","D",10,"E","NC2008","Db.WO (ind)","M",3,3,NA,3470,6,"alive"
"359","east","D",17,"E","NC2008","Db.WO (ind)","M",3,3,1,592000,6,"alive"
"360","east","D",31,"E","NC2008","Db.WO (ind)","M",3,3,1,3800000,6,"alive"
"361","east","D",38,"E","NC2008","Db.WO (ind)","M",3,3,NA,270000,6,"alive"
"362","east","D",45,"E","NC2008","Db.WO (ind)","M",3,3,1,333000,6,"alive"
"363","east","D",52,"E","NC2008","Db.WO (ind)","M",3,3,NA,360400,6,"alive"
"364","east","D",59,"E","NC2008","Db.WO (ind)","M",3,3,1,144850,6,"alive"
"365","east","D",4,"F","NC2008","B.GR index","M",3,3,NA,189377,6,"alive"
"366","east","D",10,"F","NC2008","B.GR index","M",3,3,NA,17070,6,"alive"
"367","east","D",17,"F","NC2008","B.GR index","M",3,3,1,84900,6,"alive"
"368","east","D",31,"F","NC2008","B.GR index","M",3,3,1,2000,6,"alive"
"369","east","D",38,"F","NC2008","B.GR index","M",3,3,NA,0,6,"alive"
"370","east","D",45,"F","NC2008","B.GR index","M",1,3,1,0,4,"alive"
"371","east","D",52,"F","NC2008","B.GR index","M",1,2,NA,0,3,"alive"
"372","east","D",59,"F","NC2008","B.GR index","M",1,1,1,0,2,"alive"
"373","east","C",4,"A","VA2013","P.P(index)","M",2,2,NA,0,4,"alive"
"374","east","C",10,"A","VA2013","P.P(index)","M",3,3,NA,31.2548,6,"alive"
"375","east","C",17,"A","VA2013","P.P(index)","M",2,1,1,33790,3,"alive"
"376","east","C",24,"A","VA2013","P.P(index)","M",2,0,NA,0,2,"alive"
"377","east","C",31,"A","VA2013","P.P(index)","M",0,0,1,0,0,"alive"
"378","east","C",38,"A","VA2013","P.P(index)","M",0,0,NA,0,0,"alive"
"379","east","C",45,"A","VA2013","P.P(index)","M",0,0,1,0,0,"alive"
"380","east","C",52,"A","VA2013","P.P(index)","M",0,0,NA,0,0,"alive"
"381","east","C",59,"A","VA2013","P.P(index)","M",0,0,0,0,0,"alive"
"382","east","C",64,"A","VA2013","P.P(index)","M",0,0,NA,0,0,"alive"
"383","east","C",4,"A","VA2013","W.G (index)","F",1,2,NA,25.6231,3,"alive"
"384","east","C",10,"A","VA2013","W.G (index)","F",3,3,NA,28.7702,6,"alive"
"385","east","C",17,"A","VA2013","W.G (index)","F",3,3,1,9794100,6,"alive"
"386","east","C",24,"A","VA2013","W.G (index)","F",3,3,NA,215866,6,"alive"
"387","east","C",31,"A","VA2013","W.G (index)","F",2,2,1,209380,4,"alive"
"388","east","C",38,"A","VA2013","W.G (index)","F",3,3,NA,1144670,6,"alive"
"389","east","C",45,"A","VA2013","W.G (index)","F",3,3,1,0,6,"alive"
"390","east","C",52,"A","VA2013","W.G (index)","F",2,2,NA,7706100,4,"alive"
"391","east","C",59,"A","VA2013","W.G (index)","F",2,2,1,0,4,"alive"
"392","east","C",64,"A","VA2013","W.G (index)","F",1,1,NA,0,2,"alive"
"393","east","C",4,"B","VA2013","B.P (INDEX)","M",2,1,NA,26.2609,3,"alive"
"394","east","C",10,"B","VA2013","B.P (INDEX)","M",3,3,NA,2300000,6,"alive"
"395","east","C",17,"B","VA2013","B.P (INDEX)","M",3,3,1,711700,6,"alive"
"396","east","C",24,"B","VA2013","B.P (INDEX)","M",3,3,NA,58142,6,"alive"
"397","east","C",31,"B","VA2013","B.P (INDEX)","M",1,3,1,333270,4,"alive"
"398","east","C",38,"B","VA2013","B.P (INDEX)","M",1,2,NA,0,3,"alive"
"399","east","C",45,"B","VA2013","B.P (INDEX)","M",0,0,1,0,0,"alive"
"400","east","C",52,"B","VA2013","B.P (INDEX)","M",1,0,NA,80305,1,"alive"
"401","east","C",59,"B","VA2013","B.P (INDEX)","M",0,0,1,0,0,"alive"
"402","east","C",64,"B","VA2013","B.P (INDEX)","M",0,0,NA,0,0,"alive"
"403","east","C",4,"B","VA2013","Lb.B(index)","F",2,2,NA,28.7829,4,"alive"
"404","east","C",10,"B","VA2013","Lb.B(index)","F",3,3,NA,3420430,6,"alive"
"405","east","C",17,"B","VA2013","Lb.B(index)","F",3,3,1,3063000,6,"alive"
"406","east","C",24,"B","VA2013","Lb.B(index)","F",1,1,NA,0,2,"alive"
"407","east","C",31,"B","VA2013","Lb.B(index)","F",0,0,1,0,0,"alive"
"408","east","C",38,"B","VA2013","Lb.B(index)","F",0,0,NA,0,0,"alive"
"409","east","C",45,"B","VA2013","Lb.B(index)","F",1,0,1,0,1,"alive"
"410","east","C",52,"B","VA2013","Lb.B(index)","F",1,0,NA,2346300,1,"alive"
"411","east","C",59,"B","VA2013","Lb.B(index)","F",0,0,1,0,0,"alive"
"412","east","C",64,"B","VA2013","Lb.B(index)","F",0,0,NA,0,0,"alive"
